Kode,Nama Kriteria,Deskripsi,Saran Stimulasi,Kelompok Usia
EK1,Intelektual Umum,Kemampuan penalaran verbal dan logis yang berkembang baik pada usia sekolah awal.,"Ajak anak membaca buku mandiri, bahas kosa kata baru, berikan teka-teki logika atau catur pemula.",early_elementary
EK2,Akademik Khusus,Kecakapan dalam matematika dasar (penjumlahan/pengurangan) dan ketertarikan pada sains/alam.,"Berikan latihan soal hitungan menyenangkan, ajak berkunjung ke museum sains, lakukan observasi alam.",early_elementary
EK3,Berpikir Kreatif dan Produktif,"Kemampuan menciptakan karya orisinal, kerajinan tangan, dan menemukan solusi alternatif.","Sediakan bahan daur ulang untuk crafting, ajak menulis buku harian/komik bergambar sendiri.",early_elementary
EK4,Kepemimpinan,"Tanggung jawab mandiri (PR/sekolah), kepemimpinan kelompok bermain, dan kerjasama tim.","Berikan tugas rumah tangga harian, dukung bergabung dalam klub olahraga atau pramuka sekolah.",early_elementary
EK5,Seni Visual dan Pertunjukan,Bakat seni rupa detail (proporsi gambar) dan rasa percaya diri tampil seni pertunjukan/musik.,"Ikutkan les menggambar, belajar alat musik dasar (pianika/recorder), dorong tampil di acara sekolah.",early_elementary
EK6,Psikomotorik,"Koordinasi motorik kasar lanjut (sepeda roda dua, lompat tali) dan motorik halus presisi (origami/menggunting pola).","Latih bersepeda roda dua, bermain bulu tangkis, melatih origami kreatif dan membuat kerajinan tangan rumit.",early_elementary
LK1,Intelektual Umum,"Kemampuan penalaran verbal, logika abstrak, debat argumen, dan menulis esai runtut.","Ajak diskusi kritis tentang isu sosial, berikan buku bacaan sastra anak, dorong anak menulis artikel/esai pendek.",late_elementary
LK2,Akademik Khusus,Kemampuan pemecahan matematika sekolah tingkat lanjut dan minat riset/teknologi (programming/robotik).,"Dukung bergabung dalam klub matematika, berikan kit robotik sederhana, perkenalkan kelas coding pemula.",late_elementary
LK3,Berpikir Kreatif dan Produktif,"Bakat dalam desain kreatif (digital/seni), inovasi ide proyek, dan apresiasi estetika luas.","Kenalkan perangkat lunak desain digital, dorong pembuatan video/editing kreatif, ajak mengulas film secara kritis.",late_elementary
LK4,Kepemimpinan,"Kepemimpinan organisasi (ketua kelas/kelompok), resolusi konflik adil, dan sportivitas lomba.","Dukung berorganisasi di sekolah (OSIS/Pramuka), latih teknik mediasi konflik sebaya, latih sportivitas.",late_elementary
LK5,Seni Visual dan Pertunjukan,"Kemampuan teknik melukis 3D/desain grafis, kemahiran alat musik, dan tari kreasi mandiri.","Fasilitasi studio lukis sederhana, ikutkan les alat musik lanjutan (gitar/biola), dukung menciptakan koreografi sendiri.",late_elementary
LK6,Psikomotorik,"Penguasaan olahraga tim taktis, kelincahan atletik menonjol, dan keterampilan mekanis/bongkar-pasang presisi.","Dukung bergabung dengan klub olahraga prestasi (sepak bola/basket), fasilitasi perkakas bongkar pasang mainan mekanik.",late_elementary
K1,Intelektual Umum,"Kemampuan intelektual anak yang menyeluruh, mencakup daya tangkap verbal yang baik, ingatan yang kuat, serta kemampuan berpikir dan menggunakan kata-kata abstrak di atas rata-rata usianya.","Dukung dengan membacakan buku cerita interaktif, ajak berdiskusi tentang kejadian sehari-hari, berikan permainan kata-kata (tebak kata), dan dorong anak menceritakan kembali kegiatannya secara terstruktur.",preschool
K2,Akademik Khusus,"Kemampuan menonjol anak pada bidang akademik tertentu, khususnya penguasaan konsep angka/matematika dasar, pemahaman kuantitas benda, serta keingintahuan ilmiah terhadap alam sekitar (sains anak usia dini).","Fasilitasi dengan permainan hitung-menghitung benda nyata, puzzle angka, eksperimen sains sederhana di rumah (seperti mencampur warna atau menenggelamkan benda), serta eksplorasi alam terbuka.",preschool
K3,Berpikir Kreatif dan Produktif,"Kemampuan mengemukakan ide unik, menggambar ekspresif, menunjukkan empati sosial yang tinggi, mandiri dalam bertindak, serta menghargai karya orang lain.","Sediakan beragam media seni (cat, krayon, tanah liat), hargai setiap gagasan barunya tanpa langsung mengoreksi, libatkan dalam kegiatan bermain peran yang membutuhkan penyelesaian konflik sederhana secara mandiri.",preschool
K4,Kepemimpinan,"Kemampuan sosial untuk memimpin teman sebaya, bertanggung jawab terhadap tugas mandiri maupun kelompok, bekerja sama dengan baik, mengendalikan emosi, serta bersikap kooperatif.","Berikan tanggung jawab kecil di rumah (merapikan mainan), libatkan dalam permainan kelompok bergiliran (board games), latih anak mendengarkan pendapat orang lain, dan berikan apresiasi saat ia mau berbagi.",preschool
K5,Seni Visual dan Pertunjukan,"Kepekaan estetika yang tinggi pada bidang visual (melukis/menggambar detail), musik (peka nada dan ritme), serta seni pertunjukan (ekspresi gerakan tubuh dan bermain peran drama).","Perkenalkan alat musik anak-anak, dengarkan lagu dengan berbagai ketukan, fasilitasi ruang untuk menari secara bebas mengikuti alunan musik, dan ajjak bermain peran (drama boneka/sandiwara boneka tangan).",preschool
K6,Psikomotorik,"Keterampilan fisik dan motorik yang matang, mencakup keseimbangan motorik kasar (berlari, melompat, meniti) serta kelenturan motorik halus dan mekanis (melipat origami, menggunting pola, memanipulasi obeng mainan).","Ajak melakukan aktivitas luar ruangan (bersepeda, memanjat jaring bermain, berdiri satu kaki), latih motorik halus dengan melipat kertas, menggunting pola gambar, merakit lego/mainan bongkar-pasang mekanik.",preschool
TK1,Intelektual Umum,Kemampuan komunikasi dan memori dasar pada anak usia 3 tahun.,"Dukung dengan membacakan buku bergambar, bernyanyi bersama, dan merespons celoteh anak dengan kalimat lengkap.",toddler
TK2,Akademik Khusus,Kemampuan mengenal konsep angka dasar (1-3) dan bentuk/warna dasar.,"Ajak bermain puzzle balok sederhana, menyebutkan warna mainan, dan berhitung jari.",toddler
TK3,Berpikir Kreatif dan Produktif,Kemampuan imajinasi awal dan rasa ingin tahu yang tinggi.,"Sediakan kertas kosong dan krayon besar untuk mencoret-coret, ajak bermain pura-pura (pretend play) sederhana.",toddler
TK4,Kepemimpinan,"Kemampuan sosialisasi awal, kepatuhan instruksi, dan empati sederhana.","Latih kepatuhan dengan instruksi satu langkah (seperti membereskan mainan), beri contoh berempati secara hangat.",toddler
TK5,Seni Visual dan Pertunjukan,Kepekaan dasar anak terhadap irama musik dan gambar berwarna.,"Putar musik anak-anak dan ajak bergoyang/bertepuk tangan bersama, sediakan buku bergambar besar.",toddler
TK6,Psikomotorik,Keterampilan motorik kasar dan halus dasar seperti berlari stabil dan menggenggam krayon.,"Ajak anak bermain lempar-tangkap bola besar, berlari di taman, dan meronce manik-manik besar.",toddler
